ÅU«ÈID,ÁÊ¶R®É¶¡,ÁÊ¶R°Ó«~,ÁÊ¶R¼Æ¶q,°Ó«~¤p­p
ce52ddcf,2020/1/1 22:49,¸²µå,4,180
1ec99150,2020/1/3 04:37,¦è¥Ê,1,100
1ec99150,2020/1/3 04:37,»ñ±ù,1,20
62c2abb2,2020/1/4 02:27,¦è¥Ê,1,100
62c2abb2,2020/1/4 02:27,¾ï¤l,5,250
62c2abb2,2020/1/4 02:27,·¨®ç,3,60
da11a933,2020/1/7 04:44,ªÝ¼Ö,3,69
da11a933,2020/1/7 04:44,¯ó²ù,1,150
da11a933,2020/1/7 04:44,¾ï¤l,1,50
da11a933,2020/1/7 04:44,Ä«ªG,1,30
2013a7a7,2020/1/8 12:59,­»¿¼,4,160
2013a7a7,2020/1/8 12:59,ªÝ¼Ö,1,23
2013a7a7,2020/1/8 12:59,¾ï¤l,3,150
2013a7a7,2020/1/8 12:59,ºhåÑ,3,300
19a62bf2,2020/1/11 00:30,»ñ±ù,3,60
19a62bf2,2020/1/11 00:30,¯ó²ù,4,600
19a62bf2,2020/1/11 00:30,¸²µå,2,90
23a3ee47,2020/1/19 09:43,»ñ±ù,2,40
23a3ee47,2020/1/19 09:43,¦è¥Ê,5,500
23a3ee47,2020/1/19 09:43,ªÝ¼Ö,2,46
23a3ee47,2020/1/19 09:43,¾ï¤l,4,200
23a3ee47,2020/1/19 09:43,Ä«ªG,2,60
8e00aeb1,2020/1/23 15:41,¦è¥Ê,5,500
8e00aeb1,2020/1/23 15:41,ºhåÑ,2,200
8e00aeb1,2020/1/23 15:41,¸²µå,5,225
0d54f576,2020/1/23 19:16,¦è¥Ê,4,400
0d54f576,2020/1/23 19:16,»ñ±ù,3,60
0d54f576,2020/1/23 19:16,ªÝ¼Ö,1,23
d1b7e253,2020/1/24 04:08,­»¿¼,5,200
d1b7e253,2020/1/24 04:08,Äå®ç,2,400
d1b7e253,2020/1/24 04:08,ªÝ¼Ö,5,115
d1b7e253,2020/1/24 04:08,ºhåÑ,4,400
ca5e6e00,2020/1/28 07:17,¸²µå,5,225
ca5e6e00,2020/1/28 07:17,ºhåÑ,3,300
f0dc3171,2020/2/1 10:16,»ñ±ù,4,80
f0dc3171,2020/2/1 10:16,ºhåÑ,2,200
f0dc3171,2020/2/1 10:16,Ä«ªG,4,120
f0dc3171,2020/2/1 10:16,¦è¥Ê,4,400
f0dc3171,2020/2/1 10:16,¯ó²ù,4,600
95e93a97,2020/2/3 22:42,­»¿¼,1,40
95e93a97,2020/2/3 22:42,ºhåÑ,2,200
95e93a97,2020/2/3 22:42,·¨®ç,5,100
62c2abb2,2020/2/4 01:55,·¨®ç,1,20
62c2abb2,2020/2/4 01:55,¦è¥Ê,3,300
62c2abb2,2020/2/4 01:55,¾ï¤l,4,200
a3501620,2020/2/4 21:41,ºhåÑ,5,500
a3501620,2020/2/4 21:41,»ñ±ù,3,60
a3501620,2020/2/4 21:41,ªÝ¼Ö,5,115
a3501620,2020/2/4 21:41,·¨®ç,5,100
f706d942,2020/2/5 00:34,»ñ±ù,2,40
0561471c,2020/2/10 10:40,­»¿¼,1,40
0561471c,2020/2/10 10:40,¦è¥Ê,4,400
0561471c,2020/2/10 10:40,·¨®ç,5,100
95e93a97,2020/2/11 10:50,¸²µå,5,225
95e93a97,2020/2/11 10:50,Ä«ªG,5,150
95e93a97,2020/2/11 10:50,¯ó²ù,3,450
63c40095,2020/2/12 15:40,ºhåÑ,2,200
63c40095,2020/2/12 15:40,¯ó²ù,2,300
63c40095,2020/2/12 15:40,»ñ±ù,3,60
63c40095,2020/2/12 15:40,¸²µå,1,45
63c40095,2020/2/12 15:40,ªÝ¼Ö,3,69
62c2abb2,2020/2/12 21:08,¸²µå,2,90
62c2abb2,2020/2/12 21:08,Ä«ªG,5,150
62c2abb2,2020/2/12 21:08,ªÝ¼Ö,4,92
62c2abb2,2020/2/12 21:08,·¨®ç,5,100
62c2abb2,2020/2/12 21:08,¾ï¤l,2,100
65741106,2020/2/14 14:52,ºhåÑ,1,100
65741106,2020/2/14 14:52,·¨®ç,2,40
65741106,2020/2/14 14:52,Äå®ç,1,200
65741106,2020/2/14 14:52,»ñ±ù,4,80
3ca862dd,2020/2/20 06:35,¸²µå,1,45
3ca862dd,2020/2/20 06:35,¾ï¤l,1,50
3ca862dd,2020/2/20 06:35,­»¿¼,4,160
3ca862dd,2020/2/20 06:35,·¨®ç,5,100
3ca862dd,2020/2/20 06:35,Ä«ªG,3,90
62c2abb2,2020/2/22 04:55,¸²µå,4,180
62c2abb2,2020/2/22 04:55,¯ó²ù,1,150
62c2abb2,2020/2/22 04:55,·¨®ç,5,100
62c2abb2,2020/2/22 04:55,­»¿¼,2,80
62c2abb2,2020/2/22 04:55,ºhåÑ,4,400
65741106,2020/2/23 16:55,ºhåÑ,3,300
0561471c,2020/2/24 22:25,»ñ±ù,3,60
0561471c,2020/2/24 22:25,Ä«ªG,4,120
0561471c,2020/2/24 22:25,¸²µå,1,45
0561471c,2020/2/24 22:25,¾ï¤l,2,100
0561471c,2020/2/24 22:25,ªÝ¼Ö,1,23
65741106,2020/2/25 15:27,¯ó²ù,1,150
65741106,2020/2/25 15:27,¾ï¤l,3,150
da11a933,2020/3/3 18:25,­»¿¼,2,80
da11a933,2020/3/3 18:25,Ä«ªG,2,60
da11a933,2020/3/3 18:25,ºhåÑ,3,300
da11a933,2020/3/3 18:25,¾ï¤l,2,100
da11a933,2020/3/3 18:25,¦è¥Ê,1,100
2013a7a7,2020/3/12 00:49,¾ï¤l,3,150
ce52ddcf,2020/3/13 15:44,ªÝ¼Ö,1,23
ce52ddcf,2020/3/13 15:44,ºhåÑ,5,500
ce52ddcf,2020/3/13 15:44,Äå®ç,1,200
ce52ddcf,2020/3/13 15:44,¾ï¤l,3,150
ce52ddcf,2020/3/13 15:44,·¨®ç,5,100
2d28be0f,2020/3/14 01:54,¾ï¤l,5,250
f706d942,2020/3/17 05:49,»ñ±ù,1,20
92837f9b,2020/3/17 15:43,¾ï¤l,2,100
92837f9b,2020/3/17 15:43,ºhåÑ,5,500
f706d942,2020/3/19 09:42,ªÝ¼Ö,2,46
f706d942,2020/3/19 09:42,¯ó²ù,4,600
f706d942,2020/3/19 09:42,ºhåÑ,3,300
f706d942,2020/3/19 09:42,Ä«ªG,5,150
92837f9b,2020/3/20 15:31,·¨®ç,5,100
92837f9b,2020/3/20 15:31,¾ï¤l,3,150
95e93a97,2020/3/22 01:13,¸²µå,5,225
95e93a97,2020/3/22 01:13,¾ï¤l,1,50
95e93a97,2020/3/22 01:13,»ñ±ù,1,20
23a3ee47,2020/3/24 13:08,Ä«ªG,3,90
23a3ee47,2020/3/24 13:08,Äå®ç,2,400
23a3ee47,2020/3/24 13:08,ºhåÑ,2,200
f57d258f,2020/3/25 22:51,¾ï¤l,5,250
65741106,2020/3/26 07:46,¾ï¤l,5,250
65741106,2020/3/26 07:46,¯ó²ù,5,750
65741106,2020/3/26 07:46,»ñ±ù,1,20
65741106,2020/3/26 07:46,Ä«ªG,5,150
65741106,2020/3/26 07:46,¸²µå,3,135
2013a7a7,2020/3/28 03:55,­»¿¼,4,160
2013a7a7,2020/3/28 03:55,·¨®ç,5,100
2013a7a7,2020/3/28 03:55,¾ï¤l,2,100
2013a7a7,2020/3/28 03:55,»ñ±ù,5,100
d5b83730,2020/4/2 11:20,¾ï¤l,4,200
f0dc3171,2020/4/3 17:30,Ä«ªG,2,60
f0dc3171,2020/4/3 17:30,¯ó²ù,4,600
f0dc3171,2020/4/3 17:30,ºhåÑ,3,300
f0dc3171,2020/4/3 17:30,¦è¥Ê,4,400
95e93a97,2020/4/4 08:12,­»¿¼,2,80
dbf18f05,2020/4/6 10:31,ºhåÑ,3,300
dbf18f05,2020/4/6 10:31,ªÝ¼Ö,3,69
dbf18f05,2020/4/6 10:31,»ñ±ù,3,60
dbf18f05,2020/4/6 10:31,Äå®ç,1,200
dbf18f05,2020/4/6 10:31,¸²µå,2,90
65741106,2020/4/8 04:03,·¨®ç,4,80
65741106,2020/4/8 04:03,ªÝ¼Ö,3,69
65741106,2020/4/8 04:03,ºhåÑ,3,300
47029975,2020/4/8 21:47,ªÝ¼Ö,2,46
47029975,2020/4/8 21:47,Ä«ªG,4,120
47029975,2020/4/8 21:47,·¨®ç,5,100
47029975,2020/4/8 21:47,¯ó²ù,5,750
47029975,2020/4/8 21:47,»ñ±ù,1,20
0d54f576,2020/4/12 17:05,»ñ±ù,5,100
0d54f576,2020/4/12 17:05,¾ï¤l,4,200
0d54f576,2020/4/12 17:05,Äå®ç,4,800
0d54f576,2020/4/12 17:05,·¨®ç,4,80
a439d9b4,2020/4/13 00:56,Äå®ç,1,200
a439d9b4,2020/4/13 00:56,­»¿¼,1,40
0561471c,2020/4/13 13:26,¾ï¤l,3,150
62c2abb2,2020/4/15 14:53,¯ó²ù,1,150
62c2abb2,2020/4/15 14:53,¾ï¤l,2,100
62c2abb2,2020/4/15 14:53,¸²µå,1,45
62c2abb2,2020/4/15 14:53,¦è¥Ê,4,400
19a62bf2,2020/4/21 04:34,¸²µå,3,135
19a62bf2,2020/4/21 04:34,¾ï¤l,2,100
19a62bf2,2020/4/21 04:34,ªÝ¼Ö,1,23
1ec99150,2020/4/23 21:01,ªÝ¼Ö,2,46
1ec99150,2020/4/23 21:01,ºhåÑ,4,400
1ec99150,2020/4/23 21:01,·¨®ç,5,100
8e00aeb1,2020/4/24 17:08,ºhåÑ,1,100
8e00aeb1,2020/4/24 17:08,Ä«ªG,3,90
8e00aeb1,2020/4/24 17:08,·¨®ç,5,100
8e00aeb1,2020/4/24 17:08,¦è¥Ê,3,300
8e00aeb1,2020/4/24 17:08,Äå®ç,5,1000
65741106,2020/4/28 14:40,ªÝ¼Ö,5,115
65741106,2020/4/28 14:40,ºhåÑ,1,100
65741106,2020/4/28 14:40,·¨®ç,2,40
65741106,2020/4/28 14:40,¸²µå,5,225
65741106,2020/4/28 14:40,¯ó²ù,3,450
23a3ee47,2020/5/1 22:35,»ñ±ù,3,60
23a3ee47,2020/5/1 22:35,Ä«ªG,4,120
62c2abb2,2020/5/6 12:09,­»¿¼,4,160
62c2abb2,2020/5/6 12:09,·¨®ç,1,20
62c2abb2,2020/5/6 12:09,¾ï¤l,5,250
62c2abb2,2020/5/6 12:09,ºhåÑ,5,500
62c2abb2,2020/5/6 12:09,¸²µå,4,180
ce52ddcf,2020/5/7 09:14,¸²µå,1,45
ce52ddcf,2020/5/7 09:14,¾ï¤l,5,250
ce52ddcf,2020/5/7 09:14,­»¿¼,1,40
ce52ddcf,2020/5/7 09:14,¦è¥Ê,5,500
ce52ddcf,2020/5/7 09:14,ªÝ¼Ö,2,46
19a62bf2,2020/5/7 14:26,·¨®ç,5,100
19a62bf2,2020/5/7 14:26,¦è¥Ê,5,500
da11a933,2020/5/8 12:04,­»¿¼,1,40
da11a933,2020/5/8 12:04,»ñ±ù,2,40
da11a933,2020/5/8 12:04,ªÝ¼Ö,3,69
d5b83730,2020/5/13 16:44,¯ó²ù,5,750
d5b83730,2020/5/13 16:44,Ä«ªG,5,150
a439d9b4,2020/5/14 01:40,¾ï¤l,3,150
0d54f576,2020/5/14 10:17,ºhåÑ,4,400
0d54f576,2020/5/14 10:17,¦è¥Ê,1,100
0d54f576,2020/5/14 10:17,Ä«ªG,4,120
f706d942,2020/5/15 08:16,»ñ±ù,1,20
f706d942,2020/5/15 08:16,­»¿¼,2,80
f706d942,2020/5/15 08:16,ªÝ¼Ö,2,46
f706d942,2020/5/15 08:16,ºhåÑ,3,300
0561471c,2020/5/15 16:40,ªÝ¼Ö,5,115
2013a7a7,2020/5/19 19:08,­»¿¼,4,160
2013a7a7,2020/5/19 19:08,ªÝ¼Ö,4,92
2013a7a7,2020/5/19 19:08,»ñ±ù,2,40
1ec99150,2020/5/20 02:42,¾ï¤l,3,150
1ec99150,2020/5/20 02:42,¸²µå,4,180
1ec99150,2020/5/20 02:42,·¨®ç,3,60
1ec99150,2020/5/20 02:42,Äå®ç,1,200
2013a7a7,2020/5/21 03:05,¸²µå,3,135
2013a7a7,2020/5/21 03:05,ºhåÑ,2,200
2013a7a7,2020/5/21 03:05,­»¿¼,3,120
2013a7a7,2020/5/21 03:05,¾ï¤l,1,50
0d54f576,2020/5/21 20:28,·¨®ç,4,80
0d54f576,2020/5/21 20:28,¯ó²ù,1,150
0d54f576,2020/5/21 20:28,Ä«ªG,1,30
0d54f576,2020/5/21 20:28,­»¿¼,2,80
0d54f576,2020/5/21 20:28,»ñ±ù,2,40
63c40095,2020/5/22 06:52,ªÝ¼Ö,4,92
63c40095,2020/5/22 06:52,·¨®ç,5,100
63c40095,2020/5/22 06:52,­»¿¼,3,120
63c40095,2020/5/22 06:52,Äå®ç,5,1000
63c40095,2020/5/22 06:52,¦è¥Ê,1,100
f0dc3171,2020/5/28 03:00,Äå®ç,2,400
f0dc3171,2020/5/28 03:00,ªÝ¼Ö,3,69
f0dc3171,2020/5/28 03:00,¯ó²ù,5,750
f0dc3171,2020/5/28 03:00,Ä«ªG,2,60
d5b83730,2020/5/30 03:48,¯ó²ù,3,450
65741106,2020/5/30 22:25,­»¿¼,2,80
65741106,2020/5/30 22:25,»ñ±ù,3,60
65741106,2020/5/30 22:25,·¨®ç,2,40
62c2abb2,2020/6/1 14:20,»ñ±ù,1,20
62c2abb2,2020/6/1 14:20,¯ó²ù,1,150
62c2abb2,2020/6/1 14:20,·¨®ç,2,40
62c2abb2,2020/6/1 14:20,¾ï¤l,4,200
62c2abb2,2020/6/1 14:20,ºhåÑ,1,100
d1b7e253,2020/6/1 21:25,­»¿¼,5,200
d1b7e253,2020/6/1 21:25,·¨®ç,2,40
d1b7e253,2020/6/1 21:25,¦è¥Ê,5,500
d1b7e253,2020/6/1 21:25,Ä«ªG,4,120
0561471c,2020/6/2 09:25,¦è¥Ê,3,300
0561471c,2020/6/2 09:25,¾ï¤l,2,100
0561471c,2020/6/2 09:25,¸²µå,1,45
0561471c,2020/6/2 09:25,·¨®ç,2,40
0561471c,2020/6/2 09:25,Äå®ç,2,400
1ec99150,2020/6/6 16:35,¯ó²ù,5,750
1ec99150,2020/6/6 16:35,ªÝ¼Ö,3,69
1ec99150,2020/6/6 16:35,­»¿¼,1,40
23a3ee47,2020/6/11 09:23,¦è¥Ê,2,200
23a3ee47,2020/6/11 09:23,ºhåÑ,2,200
23a3ee47,2020/6/11 09:23,·¨®ç,3,60
23a3ee47,2020/6/11 09:23,¯ó²ù,4,600
23a3ee47,2020/6/11 09:23,­»¿¼,3,120
62c2abb2,2020/6/14 02:21,·¨®ç,3,60
62c2abb2,2020/6/14 02:21,Äå®ç,4,800
a439d9b4,2020/6/23 12:23,Äå®ç,1,200
a439d9b4,2020/6/23 12:23,Ä«ªG,2,60
a439d9b4,2020/6/23 12:23,ºhåÑ,4,400
a439d9b4,2020/6/23 12:23,¯ó²ù,1,150
c4044564,2020/6/24 17:52,­»¿¼,2,80
c4044564,2020/6/24 18:07,Äå®ç,1,200
8e00aeb1,2020/6/25 22:53,¦è¥Ê,3,300
8e00aeb1,2020/6/25 22:53,ªÝ¼Ö,1,23
8e00aeb1,2020/6/25 22:53,¯ó²ù,3,450
8e00aeb1,2020/6/25 22:53,¾ï¤l,1,50
8e00aeb1,2020/6/25 22:53,»ñ±ù,3,60
92837f9b,2020/6/30 02:18,ªÝ¼Ö,5,115
92837f9b,2020/6/30 02:18,ºhåÑ,1,100
92837f9b,2020/6/30 02:18,Ä«ªG,1,30
f0dc3171,2020/7/5 23:00,»ñ±ù,5,100
f0dc3171,2020/7/5 23:00,¦è¥Ê,3,300
f0dc3171,2020/7/5 23:00,Ä«ªG,5,150
f0dc3171,2020/7/5 23:00,Äå®ç,4,800
f0dc3171,2020/7/5 23:00,ªÝ¼Ö,4,92
d5b83730,2020/7/7 04:20,·¨®ç,3,60
d5b83730,2020/7/7 04:20,¯ó²ù,3,450
f706d942,2020/7/8 02:47,Äå®ç,1,200
f706d942,2020/7/8 02:47,­»¿¼,4,160
8e00aeb1,2020/7/12 00:09,ªÝ¼Ö,2,46
8e00aeb1,2020/7/12 00:09,¯ó²ù,3,450
8e00aeb1,2020/7/12 00:09,Äå®ç,4,800
1ec99150,2020/7/12 21:27,¸²µå,2,90
1ec99150,2020/7/12 21:27,­»¿¼,3,120
1ec99150,2020/7/12 21:27,ªÝ¼Ö,4,92
3ca862dd,2020/7/13 04:02,¸²µå,4,180
1ec99150,2020/7/15 00:29,»ñ±ù,4,80
1ec99150,2020/7/15 00:29,¯ó²ù,3,450
1ec99150,2020/7/15 00:29,ªÝ¼Ö,3,69
ce52ddcf,2020/7/15 02:28,Ä«ªG,4,120
f57d258f,2020/7/15 16:45,ªÝ¼Ö,3,69
f57d258f,2020/7/15 16:45,Äå®ç,2,400
f57d258f,2020/7/15 16:45,·¨®ç,4,80
f57d258f,2020/7/15 16:45,ºhåÑ,5,500
f57d258f,2020/7/15 16:45,¦è¥Ê,5,500
92837f9b,2020/7/17 10:46,¸²µå,3,135
92837f9b,2020/7/17 10:46,­»¿¼,4,160
dbf18f05,2020/7/18 23:16,¸²µå,1,45
da11a933,2020/7/19 15:12,¾ï¤l,1,50
da11a933,2020/7/19 15:12,¯ó²ù,1,150
d1b7e253,2020/7/20 16:37,¦è¥Ê,5,500
d1b7e253,2020/7/20 16:37,­»¿¼,3,120
d1b7e253,2020/7/20 16:37,¸²µå,5,225
da11a933,2020/7/20 17:13,·¨®ç,1,20
da11a933,2020/7/20 17:13,­»¿¼,3,120
95e93a97,2020/7/23 10:43,¾ï¤l,1,50
95e93a97,2020/7/23 10:43,Äå®ç,5,1000
770aee71,2020/7/23 12:42,ºhåÑ,3,300
770aee71,2020/7/23 12:42,­»¿¼,2,80
770aee71,2020/7/23 12:42,Ä«ªG,1,30
770aee71,2020/7/23 12:42,»ñ±ù,3,60
ca5e6e00,2020/7/25 21:03,Ä«ªG,4,120
ca5e6e00,2020/7/25 21:03,¾ï¤l,4,200
dbf18f05,2020/7/25 22:00,Ä«ªG,4,120
23a3ee47,2020/7/28 07:18,¸²µå,1,45
c4044564,2020/8/3 20:18,·¨®ç,3,60
c4044564,2020/8/3 20:18,¸²µå,3,135
c4044564,2020/8/3 20:18,»ñ±ù,1,20
c4044564,2020/8/3 20:18,¦è¥Ê,3,300
c4044564,2020/8/3 20:18,ªÝ¼Ö,5,115
95e93a97,2020/8/6 01:42,ºhåÑ,2,200
95e93a97,2020/8/6 01:42,ªÝ¼Ö,3,69
95e93a97,2020/8/6 01:42,Ä«ªG,3,90
2013a7a7,2020/8/6 04:39,¯ó²ù,3,450
2013a7a7,2020/8/6 04:39,­»¿¼,1,40
1ec99150,2020/8/6 09:42,ºhåÑ,3,300
1ec99150,2020/8/6 09:42,Äå®ç,3,600
1ec99150,2020/8/6 09:42,»ñ±ù,5,100
1ec99150,2020/8/6 09:42,ªÝ¼Ö,4,92
f706d942,2020/8/6 22:08,¯ó²ù,5,750
f706d942,2020/8/6 22:08,Äå®ç,4,800
2013a7a7,2020/8/7 07:50,Äå®ç,2,400
2013a7a7,2020/8/7 07:50,·¨®ç,2,40
2013a7a7,2020/8/7 07:50,¦è¥Ê,1,100
2013a7a7,2020/8/7 07:50,»ñ±ù,5,100
2013a7a7,2020/8/7 07:50,­»¿¼,2,80
0d54f576,2020/8/10 15:27,¯ó²ù,4,600
0d54f576,2020/8/10 15:27,­»¿¼,1,40
c4044564,2020/8/11 21:26,¾ï¤l,4,200
c4044564,2020/8/11 21:26,¸²µå,3,135
62c2abb2,2020/8/13 23:09,¸²µå,3,135
62c2abb2,2020/8/13 23:09,Äå®ç,2,400
62c2abb2,2020/8/13 23:09,ºhåÑ,5,500
62c2abb2,2020/8/13 23:09,¯ó²ù,2,300
62c2abb2,2020/8/13 23:09,¾ï¤l,3,150
1ec99150,2020/8/16 04:07,ºhåÑ,2,200
1ec99150,2020/8/16 04:07,¯ó²ù,3,450
1ec99150,2020/8/16 04:07,¾ï¤l,4,200
f57d258f,2020/8/18 14:15,¯ó²ù,1,150
dbf18f05,2020/8/18 21:53,¯ó²ù,1,150
dbf18f05,2020/8/18 21:53,·¨®ç,5,100
dbf18f05,2020/8/18 21:53,ºhåÑ,1,100
dbf18f05,2020/8/18 21:53,­»¿¼,4,160
dbf18f05,2020/8/18 21:53,ªÝ¼Ö,4,92
f706d942,2020/8/20 14:50,¸²µå,5,225
f706d942,2020/8/20 14:50,ºhåÑ,4,400
ce52ddcf,2020/8/25 14:37,ºhåÑ,2,200
d1b7e253,2020/8/29 19:40,ºhåÑ,1,100
2d28be0f,2020/8/29 21:05,¦è¥Ê,5,500
2d28be0f,2020/8/29 21:05,»ñ±ù,3,60
ca5e6e00,2020/9/7 01:12,·¨®ç,4,80
ca5e6e00,2020/9/7 01:12,¸²µå,5,225
ca5e6e00,2020/9/7 01:12,Ä«ªG,3,90
ca5e6e00,2020/9/7 01:12,ªÝ¼Ö,1,23
ca5e6e00,2020/9/7 01:12,¾ï¤l,2,100
0561471c,2020/9/7 12:10,¾ï¤l,5,250
0561471c,2020/9/7 12:10,»ñ±ù,5,100
0561471c,2020/9/7 12:10,¯ó²ù,2,300
a439d9b4,2020/9/8 01:55,»ñ±ù,5,100
a439d9b4,2020/9/8 01:55,¾ï¤l,1,50
a439d9b4,2020/9/8 01:55,¯ó²ù,2,300
92837f9b,2020/9/10 00:00,¸²µå,5,225
23a3ee47,2020/9/14 01:28,ªÝ¼Ö,5,115
23a3ee47,2020/9/14 01:28,­»¿¼,1,40
23a3ee47,2020/9/14 01:28,ºhåÑ,1,100
19a62bf2,2020/9/14 06:47,ºhåÑ,1,100
19a62bf2,2020/9/14 06:47,¾ï¤l,4,200
63c40095,2020/9/14 15:07,¾ï¤l,1,50
63c40095,2020/9/14 15:07,¦è¥Ê,3,300
ce52ddcf,2020/9/15 14:50,Ä«ªG,5,150
ce52ddcf,2020/9/15 14:50,¾ï¤l,4,200
0d54f576,2020/9/17 00:02,¯ó²ù,2,300
0d54f576,2020/9/17 00:02,·¨®ç,3,60
0d54f576,2020/9/17 00:02,¾ï¤l,5,250
ce52ddcf,2020/9/19 01:32,»ñ±ù,5,100
ce52ddcf,2020/9/19 01:32,¸²µå,5,225
ce52ddcf,2020/9/19 01:32,¯ó²ù,2,300
ce52ddcf,2020/9/19 01:32,¾ï¤l,2,100
ce52ddcf,2020/9/19 01:32,¦è¥Ê,1,100
92837f9b,2020/9/22 08:36,¾ï¤l,4,200
92837f9b,2020/9/22 08:36,Ä«ªG,4,120
92837f9b,2020/9/22 08:36,Äå®ç,5,1000
92837f9b,2020/9/22 08:36,¦è¥Ê,5,500
2d28be0f,2020/9/27 09:22,ºhåÑ,5,500
2d28be0f,2020/9/27 09:22,¸²µå,4,180
2d28be0f,2020/9/27 09:22,ªÝ¼Ö,2,46
2d28be0f,2020/9/27 09:22,Ä«ªG,5,150
f0dc3171,2020/9/29 16:05,¾ï¤l,4,200
f0dc3171,2020/9/29 16:05,¸²µå,1,45
f0dc3171,2020/9/29 16:05,¯ó²ù,5,750
1ec99150,2020/10/6 04:42,·¨®ç,4,80
1ec99150,2020/10/6 04:42,¦è¥Ê,2,200
1ec99150,2020/10/6 04:42,ºhåÑ,5,500
1ec99150,2020/10/6 04:42,Äå®ç,1,200
8e00aeb1,2020/10/7 18:56,ªÝ¼Ö,3,69
8e00aeb1,2020/10/7 18:56,¯ó²ù,1,150
1ec99150,2020/10/9 05:58,Äå®ç,4,800
1ec99150,2020/10/9 05:58,¾ï¤l,5,250
1ec99150,2020/10/9 05:58,ªÝ¼Ö,3,69
1ec99150,2020/10/9 05:58,Ä«ªG,2,60
1ec99150,2020/10/9 05:58,·¨®ç,5,100
d1b7e253,2020/10/16 13:51,­»¿¼,5,200
19a62bf2,2020/10/16 17:20,ºhåÑ,2,200
19a62bf2,2020/10/16 17:20,Ä«ªG,2,60
19a62bf2,2020/10/16 22:46,¾ï¤l,2,100
19a62bf2,2020/10/16 22:46,·¨®ç,3,60
19a62bf2,2020/10/16 22:46,¦è¥Ê,2,200
19a62bf2,2020/10/16 22:46,¸²µå,5,225
f57d258f,2020/10/17 04:53,­»¿¼,4,160
19a62bf2,2020/10/18 01:15,¯ó²ù,1,150
c4044564,2020/10/18 02:52,ºhåÑ,3,300
c4044564,2020/10/18 02:52,Äå®ç,2,400
c4044564,2020/10/18 02:52,¦è¥Ê,2,200
c4044564,2020/10/18 02:52,Ä«ªG,3,90
c4044564,2020/10/18 02:52,¾ï¤l,3,150
3ca862dd,2020/10/21 03:47,ºhåÑ,1,100
3ca862dd,2020/10/21 03:47,¯ó²ù,3,450
3ca862dd,2020/10/21 03:47,¸²µå,5,225
3ca862dd,2020/10/21 03:47,¦è¥Ê,1,100
c4044564,2020/10/21 20:27,­»¿¼,5,200
c4044564,2020/10/21 20:27,¯ó²ù,5,750
c4044564,2020/10/21 20:27,»ñ±ù,4,80
c4044564,2020/10/21 20:27,·¨®ç,1,20
c4044564,2020/10/21 20:27,Äå®ç,4,800
f0dc3171,2020/10/25 22:10,¦è¥Ê,2,200
f0dc3171,2020/10/25 22:10,·¨®ç,1,20
f0dc3171,2020/10/25 22:10,­»¿¼,2,80
f0dc3171,2020/10/25 22:10,ºhåÑ,4,400
92837f9b,2020/10/26 04:58,¦è¥Ê,5,500
92837f9b,2020/10/26 04:58,¯ó²ù,1,150
d1b7e253,2020/10/27 01:25,ºhåÑ,2,200
d1b7e253,2020/10/27 01:25,¸²µå,1,45
d1b7e253,2020/10/27 01:25,»ñ±ù,2,40
d1b7e253,2020/10/27 01:25,¾ï¤l,1,50
d5b83730,2020/10/28 05:31,Äå®ç,4,800
d5b83730,2020/10/28 05:31,¾ï¤l,1,50
d5b83730,2020/10/28 05:31,·¨®ç,3,60
d5b83730,2020/10/28 05:31,¦è¥Ê,2,200
2013a7a7,2020/10/28 19:18,Äå®ç,1,200
63c40095,2020/10/29 20:43,Äå®ç,1,200
63c40095,2020/10/29 20:43,¸²µå,1,45
63c40095,2020/10/29 20:43,ªÝ¼Ö,4,92
d1b7e253,2020/10/31 05:05,¸²µå,2,90
d1b7e253,2020/10/31 05:05,¦è¥Ê,1,100
d1b7e253,2020/10/31 05:05,­»¿¼,3,120
d1b7e253,2020/10/31 05:05,Ä«ªG,1,30
92837f9b,2020/11/2 08:30,Äå®ç,1,200
92837f9b,2020/11/2 08:30,¯ó²ù,5,750
63c40095,2020/11/2 22:37,­»¿¼,3,120
63c40095,2020/11/2 22:37,ªÝ¼Ö,5,115
63c40095,2020/11/2 22:37,¯ó²ù,5,750
23a3ee47,2020/11/4 18:52,·¨®ç,2,40
23a3ee47,2020/11/4 18:52,ºhåÑ,2,200
f57d258f,2020/11/8 14:56,ºhåÑ,4,400
f57d258f,2020/11/8 14:56,¸²µå,3,135
f57d258f,2020/11/8 14:56,·¨®ç,2,40
f0dc3171,2020/11/8 18:05,·¨®ç,3,60
f0dc3171,2020/11/8 18:05,»ñ±ù,2,40
f0dc3171,2020/11/8 18:05,¯ó²ù,3,450
f0dc3171,2020/11/8 18:05,¸²µå,2,90
f0dc3171,2020/11/8 18:05,Äå®ç,3,600
65741106,2020/11/9 13:13,¦è¥Ê,3,300
65741106,2020/11/9 13:13,Äå®ç,3,600
65741106,2020/11/9 13:13,­»¿¼,1,40
c4044564,2020/11/13 15:39,ªÝ¼Ö,5,115
c4044564,2020/11/13 15:39,Äå®ç,2,400
c4044564,2020/11/13 15:39,¯ó²ù,3,450
c4044564,2020/11/13 15:39,Ä«ªG,4,120
c4044564,2020/11/13 15:39,¾ï¤l,3,150
ce52ddcf,2020/11/15 01:04,¯ó²ù,3,450
ce52ddcf,2020/11/15 01:04,·¨®ç,2,40
63c40095,2020/11/16 06:56,ºhåÑ,3,300
63c40095,2020/11/16 06:56,­»¿¼,2,80
63c40095,2020/11/16 06:56,·¨®ç,3,60
63c40095,2020/11/16 06:56,¾ï¤l,4,200
ce52ddcf,2020/11/24 05:22,Äå®ç,5,1000
ce52ddcf,2020/11/24 05:22,¸²µå,5,225
ce52ddcf,2020/11/24 05:22,­»¿¼,4,160
d5b83730,2020/11/27 17:07,­»¿¼,4,160
770aee71,2020/11/28 23:39,¯ó²ù,3,450
770aee71,2020/11/28 23:39,­»¿¼,1,40
f706d942,2020/11/30 22:42,­»¿¼,1,40
f706d942,2020/11/30 22:42,»ñ±ù,2,40
f706d942,2020/11/30 22:42,¸²µå,3,135
f706d942,2020/11/30 22:42,¾ï¤l,5,250
f706d942,2020/11/30 22:42,Äå®ç,2,400
d5b83730,2020/12/1 01:00,ªÝ¼Ö,4,92
23a3ee47,2020/12/3 17:14,¦è¥Ê,5,500
23a3ee47,2020/12/3 17:14,ºhåÑ,5,500
23a3ee47,2020/12/3 17:14,·¨®ç,4,80
23a3ee47,2020/12/3 17:14,­»¿¼,3,120
23a3ee47,2020/12/3 17:14,ªÝ¼Ö,5,115
f57d258f,2020/12/4 10:04,»ñ±ù,1,20
f57d258f,2020/12/4 10:04,¸²µå,2,90
23a3ee47,2020/12/5 03:35,Ä«ªG,3,90
23a3ee47,2020/12/5 03:35,¸²µå,3,135
0561471c,2020/12/6 10:02,ªÝ¼Ö,4,92
0561471c,2020/12/6 10:02,»ñ±ù,2,40
0561471c,2020/12/6 10:02,¦è¥Ê,5,500
0561471c,2020/12/6 10:02,ºhåÑ,5,500
0561471c,2020/12/6 10:02,­»¿¼,1,40
95e93a97,2020/12/6 12:46,ªÝ¼Ö,3,69
95e93a97,2020/12/6 12:46,ºhåÑ,2,200
95e93a97,2020/12/6 12:46,¯ó²ù,4,600
95e93a97,2020/12/6 12:46,Ä«ªG,3,90
95e93a97,2020/12/6 12:46,¦è¥Ê,5,500
2013a7a7,2020/12/9 13:51,»ñ±ù,3,60
0d54f576,2020/12/12 19:06,Äå®ç,1,200
0d54f576,2020/12/12 19:06,»ñ±ù,2,40
95e93a97,2020/12/13 01:21,¯ó²ù,4,600
95e93a97,2020/12/15 17:40,¯ó²ù,4,600
95e93a97,2020/12/15 17:40,Äå®ç,3,600
95e93a97,2020/12/15 17:40,­»¿¼,4,160
3ca862dd,2020/12/20 05:18,·¨®ç,5,100
3ca862dd,2020/12/20 05:18,¦è¥Ê,3,300
3ca862dd,2020/12/20 05:18,¾ï¤l,1,50
3ca862dd,2020/12/20 05:18,¯ó²ù,2,300
3ca862dd,2020/12/20 05:18,Ä«ªG,3,90
23a3ee47,2020/12/20 23:11,·¨®ç,2,40
23a3ee47,2020/12/20 23:11,¦è¥Ê,2,200
770aee71,2020/12/23 03:29,¸²µå,1,45
770aee71,2020/12/23 03:29,¦è¥Ê,1,100
770aee71,2020/12/23 03:29,ªÝ¼Ö,4,92
770aee71,2020/12/23 03:29,·¨®ç,4,80
ce52ddcf,2020/12/27 11:39,Ä«ªG,1,30
ce52ddcf,2020/12/27 11:39,¾ï¤l,3,150
ce52ddcf,2020/12/27 11:39,¯ó²ù,2,300
ce52ddcf,2020/12/27 11:39,Äå®ç,5,1000
ce52ddcf,2020/12/27 11:39,¸²µå,3,135
a3501620,2020/12/28 05:23,­»¿¼,1,40
19a62bf2,2020/12/29 22:25,·¨®ç,1,20
19a62bf2,2020/12/29 22:25,­»¿¼,3,120
19a62bf2,2020/12/29 22:25,¾ï¤l,5,250
